source_username,target_username
GMFA_UK,lgbtHERO
Rediscova1,lgbtHERO
RVTSportsDay,lgbtHERO
FRONTIERFM,lgbtHERO
VibroheavenU,Artnjunk9e9
lgbtOutLife,lgbtHERO
kevonhissoapbox,lgbtHERO
BernardoWills,lgbtHERO
dynastyblock,loafinit
FSmagazineUK,lgbtHERO
GMFA_UK,lgbtHERO
Rediscova1,lgbtHERO
RVTSportsDay,lgbtHERO
FRONTIERFM,lgbtHERO
VibroheavenU,Artnjunk9e9
lgbtOutLife,lgbtHERO
kevonhissoapbox,lgbtHERO
BernardoWills,lgbtHERO
dynastyblock,loafinit
FSmagazineUK,lgbtHEROGMFA_UK,lgbtHERO
Rediscova1,lgbtHERO
RVTSportsDay,lgbtHERO
FRONTIERFM,lgbtHERO
VibroheavenU,Artnjunk9e9
lgbtOutLife,lgbtHERO
kevonhissoapbox,lgbtHERO
BernardoWills,lgbtHERO
dynastyblock,loafinit
FSmagazineUK,lgbtHEROGMFA_UK,lgbtHERO
Rediscova1,lgbtHERO
RVTSportsDay,lgbtHERO
FRONTIERFM,lgbtHERO
VibroheavenU,Artnjunk9e9
lgbtOutLife,lgbtHERO
kevonhissoapbox,lgbtHERO
BernardoWills,lgbtHERO
dynastyblock,loafinit
FSmagazineUK,lgbtHEROGMFA_UK,lgbtHERO
Rediscova1,lgbtHERO
RVTSportsDay,lgbtHERO
FRONTIERFM,lgbtHERO
VibroheavenU,Artnjunk9e9
lgbtOutLife,lgbtHERO
kevonhissoapbox,lgbtHERO
BernardoWills,lgbtHERO
dynastyblock,loafinit
FSmagazineUK,lgbtHEROGMFA_UK,lgbtHERO
Rediscova1,lgbtHERO
RVTSportsDay,lgbtHERO
FRONTIERFM,lgbtHERO
VibroheavenU,Artnjunk9e9
lgbtOutLife,lgbtHERO
kevonhissoapbox,lgbtHERO
BernardoWills,lgbtHERO
dynastyblock,loafinit
FSmagazineUK,lgbtHEROGMFA_UK,lgbtHERO
Rediscova1,lgbtHERO
RVTSportsDay,lgbtHERO
FRONTIERFM,lgbtHERO
VibroheavenU,Artnjunk9e9
lgbtOutLife,lgbtHERO
kevonhissoapbox,lgbtHERO
BernardoWills,lgbtHERO
dynastyblock,loafinit
FSmagazineUK,lgbtHEROGMFA_UK,lgbtHERO
Rediscova1,lgbtHERO
RVTSportsDay,lgbtHERO
FRONTIERFM,lgbtHERO
VibroheavenU,Artnjunk9e9
lgbtOutLife,lgbtHERO
kevonhissoapbox,lgbtHERO
BernardoWills,lgbtHERO
dynastyblock,loafinit
FSmagazineUK,lgbtHEROGMFA_UK,lgbtHERO
Rediscova1,lgbtHERO
RVTSportsDay,lgbtHERO
FRONTIERFM,lgbtHERO
VibroheavenU,Artnjunk9e9
lgbtOutLife,lgbtHERO
kevonhissoapbox,lgbtHERO
BernardoWills,lgbtHERO
dynastyblock,loafinit
FSmagazineUK,lgbtHEROGMFA_UK,lgbtHERO
Rediscova1,lgbtHERO
RVTSportsDay,lgbtHERO
FRONTIERFM,lgbtHERO
VibroheavenU,Artnjunk9e9
lgbtOutLife,lgbtHERO
kevonhissoapbox,lgbtHERO
BernardoWills,lgbtHERO
dynastyblock,loafinit
FSmagazineUK,lgbtHEROGMFA_UK,lgbtHERO
Rediscova1,lgbtHERO
RVTSportsDay,lgbtHERO
FRONTIERFM,lgbtHERO
VibroheavenU,Artnjunk9e9
lgbtOutLife,lgbtHERO
kevonhissoapbox,lgbtHERO
BernardoWills,lgbtHERO
dynastyblock,loafinit
FSmagazineUK,lgbtHEROGMFA_UK,lgbtHERO
Rediscova1,lgbtHERO
RVTSportsDay,lgbtHERO
FRONTIERFM,lgbtHERO
VibroheavenU,Artnjunk9e9
lgbtOutLife,lgbtHERO
kevonhissoapbox,lgbtHERO
BernardoWills,lgbtHERO
dynastyblock,loafinit
FSmagazineUK,lgbtHEROGMFA_UK,lgbtHERO
Rediscova1,lgbtHERO
RVTSportsDay,lgbtHERO
FRONTIERFM,lgbtHERO
VibroheavenU,Artnjunk9e9
lgbtOutLife,lgbtHERO
kevonhissoapbox,lgbtHERO
BernardoWills,lgbtHERO
dynastyblock,loafinit
FSmagazineUK,lgbtHEROGMFA_UK,lgbtHERO
Rediscova1,lgbtHERO
RVTSportsDay,lgbtHERO
FRONTIERFM,lgbtHERO
VibroheavenU,Artnjunk9e9
lgbtOutLife,lgbtHERO
kevonhissoapbox,lgbtHERO
BernardoWills,lgbtHERO
dynastyblock,loafinit
FSmagazineUK,lgbtHEROGMFA_UK,lgbtHERO
Rediscova1,lgbtHERO
RVTSportsDay,lgbtHERO
FRONTIERFM,lgbtHERO
VibroheavenU,Artnjunk9e9
lgbtOutLife,lgbtHERO
kevonhissoapbox,lgbtHERO
BernardoWills,lgbtHERO
dynastyblock,loafinit
FSmagazineUK,lgbtHEROGMFA_UK,lgbtHERO
Rediscova1,lgbtHERO
RVTSportsDay,lgbtHERO
FRONTIERFM,lgbtHERO
VibroheavenU,Artnjunk9e9
lgbtOutLife,lgbtHERO
kevonhissoapbox,lgbtHERO
BernardoWills,lgbtHERO
dynastyblock,loafinit
FSmagazineUK,lgbtHEROGMFA_UK,lgbtHERO
Rediscova1,lgbtHERO
RVTSportsDay,lgbtHERO
FRONTIERFM,lgbtHERO
VibroheavenU,Artnjunk9e9
lgbtOutLife,lgbtHERO
kevonhissoapbox,lgbtHERO
BernardoWills,lgbtHERO
dynastyblock,loafinit
FSmagazineUK,lgbtHEROGMFA_UK,lgbtHERO
Rediscova1,lgbtHERO
RVTSportsDay,lgbtHERO
FRONTIERFM,lgbtHERO
VibroheavenU,Artnjunk9e9
lgbtOutLife,lgbtHERO
kevonhissoapbox,lgbtHERO
BernardoWills,lgbtHERO
dynastyblock,loafinit
FSmagazineUK,lgbtHEROGMFA_UK,lgbtHERO
Rediscova1,lgbtHERO
RVTSportsDay,lgbtHERO
FRONTIERFM,lgbtHERO
VibroheavenU,Artnjunk9e9
lgbtOutLife,lgbtHERO
kevonhissoapbox,lgbtHERO
BernardoWills,lgbtHERO
dynastyblock,loafinit
FSmagazineUK,lgbtHEROGMFA_UK,lgbtHERO
Rediscova1,lgbtHERO
RVTSportsDay,lgbtHERO
FRONTIERFM,lgbtHERO
VibroheavenU,Artnjunk9e9
lgbtOutLife,lgbtHERO
kevonhissoapbox,lgbtHERO
BernardoWills,lgbtHERO
dynastyblock,loafinit
FSmagazineUK,lgbtHEROGMFA_UK,lgbtHERO
Rediscova1,lgbtHERO
RVTSportsDay,lgbtHERO
FRONTIERFM,lgbtHERO
VibroheavenU,Artnjunk9e9
lgbtOutLife,lgbtHERO
kevonhissoapbox,lgbtHERO
BernardoWills,lgbtHERO
dynastyblock,loafinit
FSmagazineUK,lgbtHEROGMFA_UK,lgbtHERO
Rediscova1,lgbtHERO
RVTSportsDay,lgbtHERO
FRONTIERFM,lgbtHERO
VibroheavenU,Artnjunk9e9
lgbtOutLife,lgbtHERO
kevonhissoapbox,lgbtHERO
BernardoWills,lgbtHERO
dynastyblock,loafinit
FSmagazineUK,lgbtHEROGMFA_UK,lgbtHERO
Rediscova1,lgbtHERO
RVTSportsDay,lgbtHERO
FRONTIERFM,lgbtHERO
VibroheavenU,Artnjunk9e9
lgbtOutLife,lgbtHERO
kevonhissoapbox,lgbtHERO
BernardoWills,lgbtHERO
dynastyblock,loafinit
FSmagazineUK,lgbtHEROGMFA_UK,lgbtHERO
Rediscova1,lgbtHERO
RVTSportsDay,lgbtHERO
FRONTIERFM,lgbtHERO
VibroheavenU,Artnjunk9e9
lgbtOutLife,lgbtHERO
kevonhissoapbox,lgbtHERO
BernardoWills,lgbtHERO
dynastyblock,loafinit
FSmagazineUK,lgbtHERO